{"cameraMode":{"drawMode":0,"name":"Shaded","section":"Shading Mode"},"sceneLighting":false,"audioPlay":false,"sceneViewState":{"m_AlwaysRefresh":false,"showFog":false,"showSkybox":false,"showFlares":true,"showImageEffects":true,"showParticleSystems":true,"showVisualEffectGraphs":true,"m_FxEnabled":true},"in2DMode":false,"pivot":{"x":2.3506717681884767,"y":0.8500000238418579,"z":-3.5474138259887697},"rotation":{"x":0.07642463594675064,"y":0.004486823920160532,"z":-0.00034391324152238667,"w":0.9970650672912598},"size":1.391042709350586,"orthographic":false}