{"cameraMode":{"drawMode":0,"name":"Shaded","section":"Shading Mode"},"sceneLighting":true,"audioPlay":false,"sceneViewState":{"m_AlwaysRefresh":false,"showFog":false,"showSkybox":true,"showFlares":true,"showImageEffects":true,"showParticleSystems":true,"showVisualEffectGraphs":true,"m_FxEnabled":true},"in2DMode":false,"pivot":{"x":-0.5568914413452148,"y":-17.192123413085939,"z":14.46303939819336},"rotation":{"x":0.3821074664592743,"y":-0.09951067715883255,"z":0.041428789496421817,"w":0.9178096652030945},"size":16.62338638305664,"orthographic":false}